{
  "cottage-furniture": [
    {
      "name": "Беседка Летняя",
      "image": "img/catalog/cottage-furniture/besedkajpg.jpg",
      "availability": true,
      "buttons": [
        {
          "label": "2 м",
          "description": {
            "capacity": "6",
            "heigth": "1.8м",
            "arc": "20x30мм",
            "length": "2м",
            "width": "2м",
            "price": "16560"
          }
        },
        {
          "label": "3 м",
          "description": {
            "capacity": "8",
            "heigth": "1.8м",
            "arc": "20x30мм",
            "length": "3м",
            "width": "2м",
            "price": "20700"
          }
        }
      ]
    },
    {
      "name": "Беседка Бочка",
      "image": "img/catalog/cottage-furniture/besBochka.jpg",
      "availability": true,
      "buttons": [
        {
          "label": "2 м",
          "description": {
            "capacity": "6",
            "heigth": "1.8м",
            "arc": "20x30мм",
            "length": "2м",
            "width": "2м",
            "price": "16560"
          }
        },
        {
          "label": "3 м",
          "description": {
            "capacity": "8",
            "heigth": "1.8м",
            "arc": "20x30мм",
            "length": "3м",
            "width": "2м",
            "price": "20700"
          }
        }
      ]
    }
  ],
  "color-polick": [
    {
      "name": "Серый",
      "image": "img/catalog/engineer/grey.jpg",
      "buttons": [
        {
          "label": "4 мм",
          "description": {
            "thickness": "4 мм",
            "density": "0.510 кг/м²",
            "warranty": "3 года",
            "lifeTime": "10 лет",
            "price": "2469"
          }
        },
        {
          "label": "6 мм",
          "description": {
            "thickness": "6 мм",
            "density": "0.750 кг/м²",
            "warranty": "3 года",
            "lifeTime": "10 лет",
            "price": "3795"
          }
        },
        {
          "label": "8 мм",
          "description": {
            "thickness": "8 мм",
            "density": "0.900 кг/м²",
            "warranty": "3 года",
            "lifeTime": "12 лет",
            "price": "4323"
          }
        }
      ]
    },
    {
      "name": "Коричневый",
      "image": "img/catalog/engineer/brown.jpg",
      "buttons": [
        {
          "label": "4 мм",
          "description": {
            "thickness": "4 мм",
            "density": "0.510 кг/м²",
            "warranty": "3 года",
            "lifeTime": "10 лет",
            "price": "2469"
          }
        },
        {
          "label": "6 мм",
          "description": {
            "thickness": "6 мм",
            "density": "0.750 кг/м²",
            "warranty": "3 года",
            "lifeTime": "10 лет",
            "price": "3795"
          }
        },
        {
          "label": "8 мм",
          "description": {
            "thickness": "8 мм",
            "density": "0.900 кг/м²",
            "warranty": "3 года",
            "lifeTime": "12 лет",
            "price": "4323"
          }
        }
      ]
    },
    {
      "name": "Бирюза",
      "image": "img/catalog/engineer/biruyza.jpg",
      "buttons": [
        {
          "label": "4 мм",
          "description": {
            "thickness": "4 мм",
            "density": "0.510 кг/м²",
            "warranty": "3 года",
            "lifeTime": "10 лет",
            "price": "2469"
          }
        },
        {
          "label": "6 мм",
          "description": {
            "thickness": "6 мм",
            "density": "0.750 кг/м²",
            "warranty": "3 года",
            "lifeTime": "10 лет",
            "price": "3795"
          }
        },
        {
          "label": "8 мм",
          "description": {
            "thickness": "8 мм",
            "density": "0.900 кг/м²",
            "warranty": "3 года",
            "lifeTime": "12 лет",
            "price": "4323"
          }
        }
      ]
    },
    {
      "name": "Синий",
      "image": "img/catalog/engineer/blue.jpg",
      "buttons": [
        {
          "label": "4 мм",
          "description": {
            "thickness": "4 мм",
            "density": "0.510 кг/м²",
            "warranty": "3 года",
            "lifeTime": "10 лет",
            "price": "2469"
          }
        },
        {
          "label": "6 мм",
          "description": {
            "thickness": "6 мм",
            "density": "0.750 кг/м²",
            "warranty": "3 года",
            "lifeTime": "10 лет",
            "price": "3795"
          }
        },
        {
          "label": "8 мм",
          "description": {
            "thickness": "8 мм",
            "density": "0.900 кг/м²",
            "warranty": "3 года",
            "lifeTime": "12 лет",
            "price": "4323"
          }
        }
      ]
    },
    {
      "name": "Гранат",
      "image": "img/catalog/engineer/granat.jpg",
      "buttons": [
        {
          "label": "4 мм",
          "description": {
            "thickness": "4 мм",
            "density": "0.510 кг/м²",
            "warranty": "3 года",
            "lifeTime": "10 лет",
            "price": "2469"
          }
        },
        {
          "label": "6 мм",
          "description": {
            "thickness": "6 мм",
            "density": "0.750 кг/м²",
            "warranty": "3 года",
            "lifeTime": "10 лет",
            "price": "3795"
          }
        },
        {
          "label": "8 мм",
          "description": {
            "thickness": "8 мм",
            "density": "0.900 кг/м²",
            "warranty": "3 года",
            "lifeTime": "12 лет",
            "price": "4323"
          }
        }
      ]
    },
    {
      "name": "Зеленый",
      "image": "img/catalog/engineer/green.jpg",
      "buttons": [
        {
          "label": "4 мм",
          "description": {
            "thickness": "4 мм",
            "density": "0.510 кг/м²",
            "warranty": "3 года",
            "lifeTime": "10 лет",
            "price": "2469"
          }
        },
        {
          "label": "6 мм",
          "description": {
            "thickness": "6 мм",
            "density": "0.750 кг/м²",
            "warranty": "3 года",
            "lifeTime": "10 лет",
            "price": "3795"
          }
        },
        {
          "label": "8 мм",
          "description": {
            "thickness": "8 мм",
            "density": "0.900 кг/м²",
            "warranty": "3 года",
            "lifeTime": "12 лет",
            "price": "4323"
          }
        }
      ]
    },
    {
      "name": "Оранжевый",
      "image": "img/catalog/engineer/orange.jpg",
      "buttons": [
        {
          "label": "4 мм",
          "description": {
            "thickness": "4 мм",
            "density": "0.510 кг/м²",
            "warranty": "3 года",
            "lifeTime": "10 лет",
            "price": "2469"
          }
        },
        {
          "label": "6 мм",
          "description": {
            "thickness": "6 мм",
            "density": "0.750 кг/м²",
            "warranty": "3 года",
            "lifeTime": "10 лет",
            "price": "3795"
          }
        },
        {
          "label": "8 мм",
          "description": {
            "thickness": "8 мм",
            "density": "0.900 кг/м²",
            "warranty": "3 года",
            "lifeTime": "12 лет",
            "price": "4323"
          }
        }
      ]
    },
    {
      "name": "Красный",
      "image": "img/catalog/engineer/red.jpg",
      "buttons": [
        {
          "label": "4 мм",
          "description": {
            "thickness": "4 мм",
            "density": "0.510 кг/м²",
            "warranty": "3 года",
            "lifeTime": "10 лет",
            "price": "2469"
          }
        },
        {
          "label": "6 мм",
          "description": {
            "thickness": "6 мм",
            "density": "0.750 кг/м²",
            "warranty": "3 года",
            "lifeTime": "10 лет",
            "price": "3795"
          }
        },
        {
          "label": "8 мм",
          "description": {
            "thickness": "8 мм",
            "density": "0.900 кг/м²",
            "warranty": "3 года",
            "lifeTime": "12 лет",
            "price": "4323"
          }
        }
      ]
    },
    {
      "name": "Желтый",
      "image": "img/catalog/engineer/yellow.jpg",
      "buttons": [
        {
          "label": "4 мм",
          "description": {
            "thickness": "4 мм",
            "density": "0.510 кг/м²",
            "warranty": "3 года",
            "lifeTime": "10 лет",
            "price": "2469"
          }
        },
        {
          "label": "6 мм",
          "description": {
            "thickness": "6 мм",
            "density": "0.750 кг/м²",
            "warranty": "3 года",
            "lifeTime": "10 лет",
            "price": "3795"
          }
        },
        {
          "label": "8 мм",
          "description": {
            "thickness": "8 мм",
            "density": "0.900 кг/м²",
            "warranty": "3 года",
            "lifeTime": "12 лет",
            "price": "4323"
          }
        }
      ]
    }
  ]
}