{
  "engineering": [
    {
      "name": "Прозрачный",
      "image": "img/catalog/engineer/white204w.jpg",
      "buttons": [
        {
          "label": "Стандарт",
          "description": {
            "thickness": "10 мм",
            "density": "1.0 кг/м²",
            "warranty": "5 лет",
            "price": "4839"
          }
        },
        {
          "label": "Премиум",
          "description": {
            "thickness": "10 мм",
            "density": "1.45 кг/м²",
            "warranty": "7 лет",
            "price": "6599"
          }
        }
      ]
    },
    {
      "name": "Серый",
      "image": "img/catalog/engineer/grey.jpg",
      "buttons": [
        {
          "label": "Стандарт",
          "description": {
            "thickness": "10 мм",
            "density": "1.0 кг/м²",
            "warranty": "5 лет",
            "price": "5063"
          }
        },
        {
          "label": "Премиум",
          "description": {
            "thickness": "10 мм",
            "density": "1.45 кг/м²",
            "warranty": "7 лет",
            "price": "6908"
          }
        }
      ]
    },
    {
      "name": "Коричневый",
      "image": "img/catalog/engineer/brown.jpg",
      "buttons": [
        {
          "label": "Стандарт",
          "description": {
            "thickness": "10 мм",
            "density": "1.0 кг/м²",
            "warranty": "5 лет",
            "price": "5063"
          }
        },
        {
          "label": "Премиум",
          "description": {
            "thickness": "10 мм",
            "density": "1.45 кг/м²",
            "warranty": "7 лет",
            "price": "6908"
          }
        }
      ]
    }
  ]
}

